영화 감상,실내#개인#힐링#영상#정적인#여유로운#집중하는
액션 영화 감상,실내#개인#힐링#영상#스릴있는#통쾌한
공포 영화 감상,실내#개인#힐링#영상#스릴있는
코미디 영화 감상 ,실내#개인#힐링#영상#유쾌한
뮤지컬 영화 감상,실내#개인#힐링#영상#음악#감성적인
판타지 영화 감상,실내#개인#힐링#영상#모험적인
멜로 영화 감상,실내#개인#힐링#영상#감성적인
sf 영화 감상,실내#개인#힐링#영상#창의적인
국내 영화 감상,실내#개인#힐링#영상
중국 영화 감상,실내#개인#힐링#영상#국외의
일본 영화 감상,실내#개인#힐링#영상#국외의
미국 영화 감상,실내#개인#힐링#영상#국외의
영국 영화 감상,실내#개인#힐링#영상#국외의
프랑스 영화 감상,실내#개인#힐링#영상#국외의
유튜브 찍기,실내#야외#영상#도전적인#생산적인
일상 유튜브 찍기,실내#야외#영상#활동적인#성실한#생산적인
여행 유튜브 찍기,야외#영상#활동적인#감성적인#모험적인#생산적인
먹방 유튜브 찍기,실내#영상#활동적인#도전적인#생산적인
asmr 유튜브 찍기,실내#영상#정적인#섬세한#생산적인
틱톡 영상 찍기,실내#야외#영상#활동적인#왁자지껄한#유쾌한#트렌디한
유튜브 보기,실내#개인#힐링#영상#정적인#여유로운
일상 유튜브 보기,실내#개인#힐링#영상#정적인#여유로운
여행 유튜브 보기,실내#개인#힐링#영상#정적인#여유로운
먹방 유튜브 보기,실내#개인#힐링#영상#정적인#여유로운
asmr 유튜브 보기,실내#개인#힐링#영상#정적인#여유로운
예능 감상,실내#개인#힐링#영상#유쾌한#스트레스풀리는
관찰 예능,실내#개인#힐링#영상#유쾌한
버라이어티 예능,실내#개인#힐링#영상#모험적인#유쾌한
스포츠 예능,실내#개인#힐링#영상#도전적인#유쾌한
블랙코미디 예능,실내#개인#영상#왁자지껄한#유쾌한
드라마 감상,실내#개인#힐링#영상#정적인#여유로운#집중하는
액션 드라마 감상,실내#개인#힐링#영상#스릴있는#통쾌한
공포 드라마 감상,실내#개인#힐링#영상#스릴있는
코미디 드라마 감상 ,실내#개인#힐링#영상#유쾌한
뮤지컬 드라마 감상,실내#개인#힐링#영상#음악#감성적인
판타지 드라마 감상,실내#개인#힐링#영상#모험적인
멜로 드라마 감상,실내#개인#힐링#영상#감성적인
sf 드라마 감상,실내#개인#힐링#영상#창의적인
국내 드라마 감상,실내#개인#힐링#영상
중국 드라마 감상,실내#개인#힐링#영상#국외의
일본 드라마 감상,실내#개인#힐링#영상#국외의
미국 드라마 감상,실내#개인#힐링#영상#국외의
영국 드라마감상,실내#개인#힐링#영상#국외의
프랑스 드라마 감상,실내#개인#힐링#영상#국외의
다큐 보기,실내#개인#힐링#영상#정적인#교양적인#유익한
자연 다큐 보기,실내#개인#영상#유익한#교양적인#자연친화적인
동물 다큐 보기,실내#개인#영상#유익한#교양적인#자연친화적인
의학 다큐 보기,실내#개인#영상#유익한#교양적인
문화 다큐 보기,실내#개인#영상#유익한#교양적인
여행 다큐 보기,실내#개인#영상#유익한#교양적인#모험적인
봉사 다큐 보기,실내#개인#영상#유익한#교양적인#보람찬
우주 다큐 보기,실내#개인#영상#유익한#교양적인#탐구적인
역사 다큐 보기,실내#개인#영상#유익한#교양적인
애니메이션 보기,실내#개인#힐링#영상#정적인#여유로운
피부관리,실내#개인#자기관리#가꾸는#조용한#여유로운
패션 스타일링,실내#개인#자기관리#가꾸는
헤어 스타일링,실내#개인#자기관리#가꾸는
퍼스널컬러 진단,실내#개인#자기관리#가꾸는#값비싼#트렌디한
네일아트,실내#개인#자기관리#가꾸는#조용한#여유로운
패디큐어,실내#개인#자기관리#가꾸는#조용한#여유로운
태닝,실내#개인#자기관리#가꾸는#색다른
왁싱,실내#개인#자기관리#가꾸는#색다른
문신,실내#개인#자기관리#가꾸는#색다른
눈썹문신,실내#개인#자기관리#가꾸는
아이라인문신,실내#개인#자기관리#가꾸는
속눈썹 연장,실내#개인#자기관리#가꾸는#조용한#여유로운
속눈썹 펌,실내#개인#자기관리#가꾸는#조용한#여유로운
컷트,실내#개인#자기관리#가꾸는#기분전환하는
염색,실내#개인#자기관리#가꾸는#기분전환하는
펌,실내#개인#자기관리#가꾸는#기분전환하는
성형,실내#개인#자기관리#가꾸는#값비싼
시술,실내#개인#자기관리#가꾸는#값비싼
마사지,실내#개인#자기관리#가꾸는#힐링#스트레스풀리는#여유로운#조용한
전신 마사지,실내#개인#자기관리#가꾸는#힐링#스트레스풀리는#여유로운#조용한
타이 마사지,실내#개인#자기관리#가꾸는#힐링#스트레스풀리는#여유로운#조용한
경락 마사지,실내#개인#자기관리#가꾸는#힐링#여유로운#조용한
발 마사지,실내#개인#자기관리#가꾸는#힐링#스트레스풀리는#여유로운#조용한
닥터피쉬,실내#개인#자기관리#가꾸는#힐링#스트레스풀리는#여유로운#조용한
아로마 테라피,실내#개인#자기관리#가꾸는#힐링#스트레스풀리는#여유로운#조용한
언어 공부,실내#개인#자기계발#공부#정적인#유익한
영어 공부,실내#개인#자기계발#공부#정적인#유익한
중국어 공부,실내#개인#자기계발#공부#정적인#유익한
일본어 공부,실내#개인#자기계발#공부#정적인#유익한
스페인어 공부,실내#개인#자기계발#공부#정적인#유익한#색다른
프랑스어 공부,실내#개인#자기계발#공부#정적인#유익한#색다른
독일어 공부,실내#개인#자기계발#공부#정적인#유익한#색다른
태국어 공부,실내#개인#자기계발#공부#정적인#유익한#색다른
아랍어 공부,실내#개인#자기계발#공부#정적인#유익한#색다른
베트남어 공부,실내#개인#자기계발#공부#정적인#유익한#색다른
한국사 공부,실내#개인#자기계발#공부#정적인#유익한
세계사 공부,실내#개인#자기계발#공부#정적인#유익한
한자 공부,실내#개인#자기계발#공부#정적인#유익한
토익,실내#개인#자기계발#공부#정적인#유익한
토플,실내#개인#자기계발#공부#정적인#유익한
토익 스피킹,실내#개인#자기계발#공부#정적인#유익한
아이엘츠,실내#개인#자기계발#공부#정적인#유익한
텝스,실내#개인#자기계발#공부#정적인#유익한
자격증 취득,실내#개인#자기계발#공부#정적인#유익한#생산적인
한국사 자격증 ,실내#개인#자기계발#공부#정적인#유익한
일본어 자격증(JLPT),실내#개인#자기계발#공부#정적인#유익한
중국어 자격증(HSK),실내#개인#자기계발#공부#정적인#유익한
"프랑스어 자격증( DELF,DALF)",실내#개인#자기계발#공부#정적인#유익한#색다른
독일어 자격증(Goethe-Zertifikat),실내#개인#자기계발#공부#정적인#유익한#색다른
스페인어 자격증(DELE),실내#개인#자기계발#공부#정적인#유익한#색다른
컴퓨터 자격증 ,실내#개인#자기계발#공부#정적인#유익한#생산적인
소믈리에 자격증 ,실내#개인#자기계발#트렌디한#도전적인#생산적인#고상한
한식 조리 기능사,실내#개인#요리#자기계발#가정적인#도전적인#생산적인
중식 조리 기능사,실내#개인#요리#자기계발#가정적인#도전적인#생산적인
양식 조리 기능사,실내#개인#요리#자기계발#가정적인#도전적인#생산적인
일식 조리 기능사,실내#개인#요리#자기계발#가정적인#도전적인#생산적인
복어 조리 기능사,실내#개인#요리#자기계발#가정적인#도전적인#생산적인
제과제빵 기능사,실내#개인#요리#자기계발#가정적인#도전적인#생산적인
바리스타 자격증,실내#개인#자기계발#트렌디한#가정적인#도전적인#생산적인
조주기능사 자격증,실내#개인#자기계발#트렌디한#도전적인#고상한#생산적인
영어 원서 읽기,실내#개인#자기계발#공부#정적인#유익한#교양적인
일어 원서 읽기,실내#개인#자기계발#공부#정적인#유익한#교양적인
중국어 원서 읽기,실내#개인#자기계발#공부#정적인#유익한#교양적인
영문 신문 읽기,실내#개인#자기계발#공부#정적인#유익한#교양적인#시사적인
일어 신문 읽기,실내#개인#자기계발#공부#정적인#유익한#교양적인#시사적인
중국어 신문 읽기,실내#개인#자기계발#공부#정적인#유익한#교양적인#시사적인
영어 뉴스 보기,실내#개인#자기계발#공부#정적인#유익한#교양적인#시사적인
일어 뉴스 보기,실내#개인#자기계발#공부#정적인#유익한#교양적인#시사적인
중국어 뉴스 보기,실내#개인#자기계발#공부#정적인#유익한#교양적인#시사적인
뉴스 보기,실내#개인#자기계발#유익한#시사적인#생산적인
신문 읽기,실내#개인#자기계발#유익한#시사적인#생산적인
신문 스크랩 하기,실내#개인#자기계발#유익한#시사적인#생산적인
잡지 스크랩 하기,실내#개인#자기계발#유익한#시사적인#생산적인#아기자기한
라디오 방청,실내#개인#활동적인#색다른
심야 라디오 청취,실내#개인#정적인#조용한#감성적인#힐링
새벽 라디오 청취,실내#개인#정적인#조용한#감성적인#힐링
다도 배우기,실내#그룹#정적인#조용한#여유로운#교양적인#색다른#힐링
스터디모임,실내#그룹#공부#활동적인#사교적인#유익한
주판 배우기,실내#공부#유익한#정적인#고전적인#집중하는#머리쓰는
영어회화,실내#개인#그룹#자기계발#공부#유익한#활동적인#사교적인
공모전,실내#개인#그룹#자기계발#공부#유익한#활동적인#사교적인
생물학,실내#개인#그룹#자기계발#공부#유익한#정적인#탐구적인
화학,실내#개인#그룹#자기계발#공부#유익한#정적인#탐구적인#머리쓰는
물리학,실내#개인#그룹#자기계발#공부#유익한#정적인#탐구적인#머리쓰는
네일아트 배우기,실내#개인#섬세한#도전적인#생산적인#가꾸는#트렌디한
수학 문제 풀기,실내#개인#그룹#자기계발#공부#유익한#정적인#머리쓰는#집중하는
수화 공부,실내#개인#그룹#보람찬#색다른#사교적인
토론 대회,실내#그룹#왁자지껄한#도전적인#활동적인#사교적인#하얗게불태우는#경쟁하는#협력하는
웅변 대회,실내#그룹#왁자지껄한#도전적인#활동적인#사교적인#하얗게불태우는#경쟁하는
독서,실내#개인#자기계발#정적인#유익한#교양적인#집중하는
소설 읽기,실내#개인#자기계발#정적인#집중하는#유쾌한#감성적인
인문/사회/역사책 읽기,실내#개인#자기계발#정적인#유익한#교양적인#집중하는#시사적인
에세이 읽기,실내#개인#자기계발#정적인#집중하는#감성적인
시집 읽기,실내#개인#자기계발#정적인#집중하는#감성적인
종교관련 책 읽기,실내#개인#자기계발#정적인#교양적인#집중하는#신학적인
과학관련 책 읽기,실내#개인#자기계발#정적인#유익한#교양적인#집중하는#탐구적인
컴퓨터/IT 책 읽기,실내#개인#자기계발#정적인#유익한#교양적인#집중하는#기술적인
가정/생활 책 읽기,실내#개인#자기계발#정적인#유익한#교양적인#집중하는#가정적인
경영/경제 책 읽기,실내#개인#자기계발#정적인#유익한#교양적인#집중하는#생산적인
자기계발서 읽기,실내#개인#자기계발#정적인#유익한#교양적인#집중하는#도전적인
여행 책 읽기,실내#개인#자기계발#정적인#유익한#교양적인#집중하는#모험적인
건강/다이어트 책 읽기,실내#개인#자기계발#정적인#유익한#교양적인#집중하는#건강한
잡지 읽기,실내#개인#정적인#트렌디한#여유로운
만화책 읽기,실내#개인#정적인#집중하는#유쾌한#여유로운
벽화 봉사,야외#개인#그룹#보람찬#활동적인#창의적인#협력하는#하얗게불태우는
보육원 봉사,실내#개인#그룹#보람찬#활동적인#힘든#왁자지껄한#하얗게불태우는
노양원 봉사,실내#개인#그룹#보람찬#활동적인#힘든#사교적인#하얗게불태우는
고아원 봉사,실내#개인#그룹#보람찬#활동적인#힘든#사교적인#하얗게불태우는
장애인센터 봉사,실내#개인#그룹#보람찬#활동적인#힘든#사교적인#하얗게불태우는
정신질환센터 봉사,실내#개인#그룹#보람찬#활동적인#힘든#사교적인#하얗게불태우는
미혼모센터 봉사,실내#개인#그룹#보람찬#활동적인#힘든#사교적인#하얗게불태우는
가출청소년센터 봉사,실내#개인#그룹#보람찬#활동적인#힘든#사교적인#하얗게불태우는
독거노인 봉사,실내#개인#그룹#보람찬#활동적인#힘든#사교적인#하얗게불태우는
재능기부 봉사,실내#개인#그룹#보람찬#활동적인#힘든#사교적인#하얗게불태우는
해외선교 봉사,실내#그룹#보람찬#활동적인#사교적인#신학적인#국외의
해외의료 봉사,실내#그룹#보람찬#활동적인#힘든#하얗게불태우는#국외의
국내선교 봉사,실내#그룹#보람찬#활동적인#사교적인#신학적인
국내의료 봉사,실내#그룹#보람찬#활동적인#힘든#하얗게불태우는
다이어리 적기,#실내#개인#힐링#자기계발#정적인#성실한#조용한#아기자기한#보람찬#감성적인
일기쓰기,#실내#개인#힐링#자기계발#정적인#성실한#조용한#아기자기한#보람찬#감성적인
가계부 쓰기,#실내#개인#자기계발#정적인#성실한#조용한#보람찬#생산적인#유익한#가정적인
성경공부,#실내#개인#그룹#정적인#성실한#신학적인#마음을비우는
성경 읽기,#실내#개인#그룹#정적인#성실한#신학적인#마음을비우는
성경 필사,#실내#개인#그룹#정적인#성실한#신학적인#마음을비우는
청소,#실내#개인#보람찬#활동적인#가정적인#기분전환하는
책상 정리,#실내#개인#보람찬#활동적인#가정적인#기분전환하는
빨래,#실내#개인#보람찬#활동적인#가정적인#기분전환하는
먼지 털기,#실내#개인#보람찬#활동적인#가정적인#기분전환하는
설거지,#실내#개인#보람찬#활동적인#가정적인#기분전환하는
크로스핏,실내#개인#그룹#하얗게불태우는#건강한#힘든
축구,야외#그룹#활동적인#건강한#경쟁하는#협력하는
야구,야외#그룹#활동적인#건강한#경쟁하는#협력하는
농구,실내#야외#그룹#활동적인#건강한#경쟁하는#협력하는
배구,실내#야외#그룹#활동적인#건강한#경쟁하는#협력하는
탁구,실내#그룹#건강한#경쟁하는#활동적인
볼링,실내#그룹#경쟁하는#사교적인#
테니스,야외#그룹#활동적인#건강한#경쟁하는
배드민턴,야외#그룹#활동적인#건강한#경쟁하는#가성비있는
클라이밍,실내#야외#개인#그룹#스릴있는#도전적인
복싱,실내#개인#건강한#경쟁하는#몸이가벼워지는
수영,실내#야외#활동적인#자유로운
필라테스,실내#개인#건강한#몸이가벼워지는
승마,야외#개인#스릴있는#건강한#고상한
등산,야외#개인#그룹#건강한#마음을비우는#자연친화적인
스쿠버 다이빙,실내#야외#색다른#자연친화적인#
실내낚시,실내#개인#그룹#손맛있는#기분전환하는
바다낚시,야외#그룹#활동적인#자연친화적인#
민물낚시,야외#개인#그룹#정적인#여유로운#
마라톤,야외#개인#그룹#마음을비우는#도전적인
조깅,야외#개인#그룹#마음을비우는#몸이가벼워지는
런닝,야외#개인#그룹#마음을비우는#몸이가벼워지는
당구,실내#단체#경쟁하는#집중하는#머리쓰는
포켓볼,실내#그룹#경쟁하는#사교적인
스케이트보드,야외#개인#그룹#활동적인#트렌디한
산악자전거,야외#개인#그룹#활동적인#에너지넘치는#모험적인
전기 자전거,야외#개인#그룹#활동적인#현대적인
오토바이 타기,야외#개인#그룹#활동적인#스릴있는
전동킥보드,야외#개인#현대적인#스릴있는
롤러스케이트,실내#야외#스릴있는#활동적인
외발자전거,야외#개인#스릴있는#활동적인#색다른
따릉이,야외#개인#활동적인#가성비있는
국토대장정,야외#그룹#도전적인#활동적인#보람찬
헬스,실내#개인#그룹#성실한#생산적인#건강한#가꾸는
홈트레이닝,실내#개인#성실한#생산적인#건강한#가꾸는
스피닝,실내#그룹#보람찬#하얗게불태우는#에너지넘치는#가꾸는
실탄 사격,실내#개인#그룹#집중하는#색다른
비비탄 사격,실내#개인#그룹#스릴있는#집중하는
서바이벌,야외#그룹#스릴있는#활동적인#경쟁하는
요가,실내#개인#그룹#마음을비우는#몸이가벼워지는
플라잉요가,실내#개인#그룹#마음을비우는#몸이가벼워지는
유도,실내#그룹#경쟁하는#에너지넘치는
태권도,실내#그룹#경쟁하는#에너지넘치는
주짓수,실내#그룹#경쟁하는#에너지넘치는
검도,실내#그룹#경쟁하는#에너지넘치는
펜싱,실내#그룹#경쟁하는#에너지넘치는
족구,야외#그룹#경쟁하는#에너지넘치는
체조,실내#개인#몸이가벼워지는#건강한
레슬링,실내#그룹#경쟁하는#에너지넘치는
핸드볼,실내#그룹#경쟁하는#에너지넘치는
역도,실내#개인#집중하는#도전적인
합기도,실내#개인#그룹#에너지넘치는#경쟁하는
다트,실내#그룹#경쟁하는#집중하는#사교적인
트램플린,실내#야외#기분전환하는#활동적인#에너지넘치는
철인3종,야외#개인#그룹#보람찬#하얗게불태우는#힘든
줄넘기,실내#야외#개인#그룹#몸이가벼워지는#활동적인
아이스하키,실내#그룹#경쟁하는#협력하는
피겨 스케이팅,실내#개인#고상한#까다로운#몸이가벼워지는#건강한
컬링,실내#그룹#경쟁하는#협력하는#색다른
스키점프,야외#개인#스릴있는#색다른#건강한
봅슬레이,실내#그룹#스릴있는#색다른#협력하는
스켈레톤,실내#개인#스릴있는#색다른#집중하는
농구경기보기,실내#개인#그룹#집중하는#에너지넘치는
야구경기보기,실내#야외#개인#그룹#집중하는#에너지넘치는
축구경기보기,실내#야외#개인#그룹#집중하는#에너지넘치는
UFC 보기,실내#개인#그룹#집중하는#에너지넘치는
경마 보기,야외#개인#그룹#집중하는#에너지넘치는
스노우보드,야외#개인#그룹#활동적인#스릴있는
스키,야외#개인#그룹#활동적인#스릴있는
서핑,야외#개인#활동적인#스릴있는#자연친화적인
제트보드,야외#개인#그룹#스릴있는#자연친화적인
스노클링,실내#야외#그룹#색다른#자연친화적인
다이빙,실내#야외#개인#도전적인#스릴있는#색다른
서핑보드,야외#개인#그룹#마음을비우는#기분전환하는
제트스키,야외#개인#에너지넘치는#기분전환하는
조정,야외#그룹#자연친화적인#도전적인#보람찬#힘든
수상 스키,야외#그룹#자연친화적인#도전적인#스릴있는
카약,야외#개인#그룹#자연친화적인#도전적인
파도타기,야외#개인#자연친화적인#도전적인#스릴있는
레일바이크,야외#그룹#자연친화적인#색다른#
패러글라이딩,야외#개인#그룹#자연친화적인#스릴있는#
스카이 다이빙,야외#그룹#자연친화적인#색다른#스릴있는
짚라인,야외#개인#그룹#자연친화적인#스릴있는#
번지점프,야외#개인#그룹#스릴있는#
카트,야외#그룹#기분전환하는#스릴있는
레이싱,야외#개인#그룹#경쟁하는#스릴있는#집중하는
양궁,야외#개인#그룹#경쟁하는#마음을비우는#집중하는
국궁,야외#개인#그룹#경쟁하는#마음을비우는#집중하는
필드골프,야외#그룹#경쟁하는#집중하는#활동적인#사교적인
스크린 골프,실내#개인#그룹#경쟁하는#집중하는#사교적인
캠핑,야외#개인#그룹#자연친화적인#자유로운#기분전환하는
드라이브,야외#개인#그룹#자유로운#기분전환하는
산책,야외#개인#그룹#건강한#여유로운
명상,실내#개인#그룹#정적인#마음을비우는
종이접기,실내#개인#창의적인#머리쓰는#섬세한#가성비있는
페이퍼커팅,실내#개인#창의적인#섬세한#가성비있는#킬링타임의
태국 마사지,실내#개인#그룹#몸이가벼워지는#조용한#건강한
경락 마사지,실내#개인#그룹#몸이가벼워지는#조용한#건강한#가꾸는
발 마사지,실내#개인#그룹#몸이가벼워지는#건강한#사교적인
전신 마사지,실내#개인#그룹#몸이가벼워지는#조용한#건강한
반신욕,실내#개인#몸이가벼워지는#마음을비우는#여유로운
낮잠,실내#개인#여유로운#조용한#생산적인#일상적인
독서,실내#개인#여유로운#집중하는#정적인#보람찬
오프라인쇼핑,야외#개인#그룹#활동적인#소비적인#사교적인#에너지넘치는#기분전환하는
온라인쇼핑,실내#개인#조용한#소비적인#일상적인#기분전환하는
해수욕,야외#그룹#활동적인#여유로운#기분전환하는
물놀이,실내#야외#그룹#활동적인#가성비있는
인형뽑기,실내#개인#그룹#집중하는#소비적인
찰흙놀이,실내#개인#창의적인#가성비있는#집중하는
입체퍼즐,실내#개인#창의적인#가성비있는#집중하는
호캉스,실내#개인#그룹#기분전환하는#가성비있는#분위기있는
인테리어 구경,실내#개인#그룹#트렌디한#현대적인
별 보기,야외#개인#그룹#여유로운#기분전환하는#분위기있는
그래피티,#야외#개인#그룹#미술#활동적인#창의적인#철학적인#통쾌한#색다른
일러스트 그리기,#실내#개인#힐링#미술#정적인#감성적인#창의적인#아기자기한#섬세한
웹툰그리기,#실내#개인#힐링#미술#정적인#감성적인#창의적인#아기자기한#섬세한
캘리그라피,#실내#개인#힐링#미술#정적인#섬세한#감성적인
P.O.P,#실내#개인#힐링#미술#정적인#섬세한
수채화,#실내#개인#힐링#미술#정적인#섬세한#감성적인#여유로운#교양적인
만화그리기,#실내#개인#힐링#미술#정적인#섬세한#창의적인#아기자기한#생산적인
크로키,#실내#개인#힐링#미술#정적인#집중하는
인물화,#실내#개인#힐링#미술#정적인#섬세한#감성적인#여유로운#교양적인
컬러링,#실내#개인#힐링#미술#정적인#섬세한#감성적인#여유로운
아크릴화,#실내#개인#힐링#미술#정적인#섬세한#감성적인#여유로운#교양적인
유화,#실내#개인#힐링#미술#정적인#섬세한#감성적인#여유로운#교양적인
어반스케치,#실내#개인#힐링#미술#정적인#섬세한#감성적인#여유로운#
디지털아트,#실내#개인#힐링#미술#활동적인#창의적인#철학적인#색다른
명화따라그리기,#실내#개인#힐링#미술#정적인#섬세한#감성적인#여유로운#교양적인
패션일러스트,#실내#개인#힐링#미술#정적인#감성적인#창의적인#아기자기한#섬세한
마카드로잉,#실내#개인#힐링#미술#정적인#섬세한#감성적인#여유로운
페이퍼아트,#실내#개인#힐링#미술#정적인#섬세한#여유로운
인형리페인팅,#실내#개인#힐링#미술#정적인#섬세한#여유로운
픽셀아트드로잉,#실내#개인#힐링#미술#정적인#감성적인#창의적인#아기자기한#섬세한
컬러매칭,#실내#개인#힐링#미술#정적인#섬세한#여유로운
볼펜드로잉,#실내#개인#힐링#미술#정적인#감성적인#창의적인#아기자기한#섬세한
동양화,#실내#개인#힐링#미술#정적인#섬세한#감성적인#여유로운#교양적인#전통적인
벽화 그리기,#야외#개인#그룹#미술#활동적인#창의적인#협력하는#하얗게불태우는
페이스페인팅,#실내#개인#힐링#미술#정적인#섬세한#아기자기한
피포 페인팅,#실내#개인#힐링#미술#정적인#섬세한#여유로운
그림 그리기,#실내#개인#힐링#미술#정적인#섬세한#여유로운
샌드 아트,#실내#개인#힐링#미술#정적인#섬세한#여유로운
소묘,#실내#개인#힐링#미술#정적인#집중하는
풍선아트,#실내#개인#힐링#미술#정적인#섬세한#여유로운
모션그래픽,#실내#개인#힐링#미술#정적인#섬세한#까다로운#보람찬
핑거페인팅,#실내#개인#힐링#미술#정적인#창의적인#유쾌한
바리스타,실내#개인#그룹#교양적인#신사적인#현대적인#장인정신의#사교적인
드립커피,실내#개인#그룹#교양적인#신사적인#현대적인#장인정신의#사교적인
바텐딩,실내#개인#그룹#사교적인#장인정신의#색다른
칵테일 만들기,실내#개인#그룹#사교적인#장인정신의#색다른
수제맥주,실내#개인#그룹#사교적인#장인정신의#색다른
제과제빵,실내#개인#그룹#장인정신의#건강한
디저트만들기,실내#개인#그룹#정성스러운#건강한#장인정신의
빼빼로만들기,실내#개인#그룹#정성스러운#사교적인
사탕만들기,실내#개인#그룹#정성스러운#사교적인
케이크만들기,실내#개인#그룹#정성스러운#사교적인
한식조리,실내#개인#그룹#가정적인#전통적인#장인정신의
일식조리,실내#개인#그룹#가정적인#국외의#장인정신의
중식조리,실내#개인#그룹#가정적인#국외의#장인정신의
양식조리,실내#개인#그룹#가정적인#국외의#장인정신의#사교적인
태국음식조리,실내#개인#그룹#가정적인#국외의#장인정신의#색다른
인도음식조리,실내#개인#그룹#가정적인#국외의#장인정신의#색다른
프랑스음식조리,실내#개인#그룹#가정적인#국외의#장인정신의#색다른
집밥만들기,실내#개인#가정적인#건강한#정성스러운
반찬 만들기,실내#개인#가정적인#건강한#정성스러운
도시락만들기,실내#개인#가정적인#건강한#정성스러운#아기자기한
수제청만들기,실내#개인#가정적인#건강한#정성스러운#보람찬
수제차만들기,실내#개인#가정적인#건강한#정성스러운#보람찬
달고나커피 만들기,실내#개인#정성스러운#장인정신의#보람찬#힘든#도전적인
흑당버블티 만들기,실내#개인#정성스러운#장인정신의#보람찬
과일말리기,실내#개인#가정적인#건강한#정성스러운#보람찬
떡만들기,실내#개인#가정적인#건강한#정성스러운#보람찬#전통적인
젤리만들기,실내#개인#정성스러운#보람찬#색다른
게임제작,실내#개인#그룹#협력하는#머리쓰는#보람찬#창의적인
게임시나리오,실내#개인#그룹#창의적인#집중하는
3D프린팅,실내#개인#색다른#값비싼#창의적인
3D모델링,실내#개인#색다른#창의적인#장인정신의
컴퓨터조립,실내#개인#창의적인#값비싼#집중하는#섬세한
과학상자,실내#개인#창의적인#집중하는#섬세한
레고,실내#개인#창의적인#집중하는#섬세한
이모티콘제작,실내#개인#창의적인#집중하는#감성적인#섬세한
커스텀드레스,실내#개인#창의적인#집중하는#자유로운
옷 리폼 하기,실내#개인#창의적인#집중하는#자유로운
가방 리폼 하기,실내#개인#창의적인#집중하는#자유로운
모자 리폼 하기,실내#개인#창의적인#집중하는#자유로운
신발 리폼 하기,실내#개인#창의적인#집중하는#자유로운
상의 리폼 하기,실내#개인#창의적인#집중하는#자유로운
하의 리폼 하기,실내#개인#창의적인#집중하는#자유로운
겉옷 리폼 하기 ,실내#개인#창의적인#집중하는#자유로운
커스텀 슈즈,실내#개인#창의적인#집중하는#자유로운
작곡,실내#개인#창의적인#자유로운#트렌디한
트로트 음악 작곡,실내#개인#창의적인#자유로운#트렌디한
재즈 음악 작곡,실내#개인#창의적인#자유로운#트렌디한
힙합 음악 작곡,실내#개인#창의적인#자유로운#트렌디한
클래식 음악 작곡,실내#개인#창의적인#자유로운#트렌디한
음악 편곡,실내#개인#창의적인#자유로운#트렌디한
발라드 작곡,실내#개인#창의적인#자유로운#트렌디한
미디 작곡,실내#개인#창의적인#자유로운#트렌디한
영화 제작,실내#야외#개인#그룹#창의적인#장인정신의#협력하는
영상 편집,실내#개인#그룹#창의적인#장인정신의#섬세한
소설쓰기,실내#개인#감성적인#창의적인#교양적인#자유로운
시작,실내#개인#감성적인#창의적인#교양적인#자유로운
동화쓰기,실내#개인#감성적인#창의적인#교양적인#자유로운#아기자기한
작사,실내#개인#감성적인#창의적인#자유로운#트렌디한
로맨스 소설 쓰기,실내#개인#감성적인#창의적인#자유로운
판타지 소설 쓰기,실내#개인#감성적인#창의적인#교양적인#자유로운
추리 소설 쓰기,실내#개인#감성적인#창의적인#교양적인#자유로운#머리쓰는
역사 소설 쓰기,실내#개인#감성적인#창의적인#교양적인#자유로운#시사적인
무협 소설 쓰기,실내#개인#감성적인#창의적인#자유로운#남성스러운
동물 사진 찍기,야외#개인#집중하는#자연친화적인#창의적인
식물 사진 찍기,야외#개인#자연친화적인#정성스러운#자유로운
인물 사진 찍기,실내#야외#그룹#창의적인#감성적인#일상적인
건물 사진 찍기,야외#개인#감성적인#창의적인#자유로운
풍경 사진 찍기,야외#개인#감성적인#활동적인#자연친화적인
스티커 사진찍기,실내#그룹#유쾌한#사교적인#일상적인
이미지 사진찍기,실내#그룹#유쾌한#사교적인#일상적인
필름카메라,실내#야외#개인#고전적인#기분전환하는
여행기 작성,실내#개인#보람찬#생산적인#도전적인
영화평론,실내#개인#창의적인#감성적인#트렌디한
도서평론,실내#개인#창의적인#감성적인#트렌디한#교양적인
자전거 조립,실내#개인#창의적인#값비싼#집중하는#섬세한
피규어모으기,실내#개인#아기자기한#정성스러운#정적인
건담프라모델,실내#개인#아기자기한#정성스러운#섬세한#정적인
비행기 모형 수집,실내#개인#정성스러운#정적인#섬세한
RC카,야외#개인#그룹#현대적인#집중하는#여유로운#아기자기한
드론,야외#개인#그룹#트렌디한#현대적인#집중하는
오토바이 수집,실내#야외#개인#값비싼#현대적인#사치스러운
차 수집,실내#야외#개인#값비싼#현대적인#사치스러운
인테리어 소품 수집,실내#개인#아기자기한#감성적인#정성스러운#트렌디한
접시 수집,실내#개인#고상한#감성적인#정성스러운#트렌디한
향수 수집,실내#개인#값비싼#감성적인#고상한#정성스러운
아이쉐도우 수집,실내#개인#값비싼#감성적인#가꾸는#정성스러운
립 수집,실내#개인#값비싼#감성적인#가꾸는#정성스러운
블러셔 수집,실내#개인#값비싼#감성적인#가꾸는#정성스러운
명품 가방 수집,실내#개인#값비싼#감성적인#사치스러운
텀블러 수집,실내#개인#사치스러운#트렌디한#정성스러운
다이어리 수집,실내#개인#사치스러운#트렌디한#정성스러운
시계수집,실내#개인#값비싼#사치스러운#트렌디한#정성스러운
반지수집,실내#개인#값비싼#사치스러운#트렌디한#정성스러운
팔찌수집,실내#개인#값비싼#사치스러운#트렌디한#정성스러운
모자수집,실내#개인#값비싼#사치스러운#트렌디한#정성스러운
안경 수집,실내#개인#값비싼#사치스러운#트렌디한#정성스러운
선글라스 수집,실내#개인#값비싼#사치스러운#트렌디한#정성스러운
필기구 수집,실내#개인#아기자기한#사치스러운#정적인#정성스러운
만년필 수집,실내#개인#사치스러운#정적인#전통적인#정성스러운
골동품 수집,실내#개인#전통적인#고전적인#값비싼#정성스러운
동전 수집,실내#개인#전통적인#고전적인#정성스러운
지폐 수집,실내#개인#전통적인#고전적인#정성스러운
구슬 수집,실내#개인#전통적인#고전적인#정성스러운
우표수집,실내#개인#전통적인#고전적인#정성스러운
수석수집,실내#개인#전통적인#고전적인#정성스러운#활동적인
보드카 수집,실내#개인#값비싼#감성적인#고상한#정성스러운
와인 수집,실내#개인#값비싼#감성적인#고상한#정성스러운
강아지키우기,실내#야외#개인#정성스러운#책임감있는#까다로운
고양이키우기,실내#개인#정성스러운#책임감있는#까다로운
물고기키우기,실내#개인#정성스러운#책임감있는#까다로운
거북이키우기,실내#개인#정성스러운#책임감있는#까다로운
햄스터키우기,실내#개인#정성스러운#책임감있는#까다로운
뱀키우기,실내#개인#정성스러운#책임감있는#까다로운
도마뱀키우기,실내#개인#정성스러운#책임감있는#까다로운
고슴도치 키우기,실내#개인#정성스러운#책임감있는#까다로운
앵무새 키우기,실내#개인#정성스러운#책임감있는#까다로운
하늘다람쥐 키우기,실내#개인#정성스러운#책임감있는#까다로운
토끼 키우기,실내#개인#정성스러운#책임감있는#까다로운
주말농장,야외#개인#정성스러운#책임감있는#까다로운#활동적인#보람찬
콩나물 키우기,실내#개인#정성스러운#책임감있는#까다로운#보람찬
토마토 키우기,실내#야외#개인#정성스러운#책임감있는#까다로운#보람찬
난키우기,실내#개인#정성스러운#책임감있는#까다로운#보람찬#값비싼
텃밭가꾸기,야외#개인#정성스러운#책임감있는#까다로운#활동적인#보람찬
다육식물 키우기,실내#개인#정성스러운#책임감있는#까다로운#가성비있는
버섯 키우기,실내#야외#개인#정성스러운#책임감있는#까다로운#보람찬
선인장키우기,실내#개인#정성스러운#책임감있는#까다로운
양봉,야외#개인#정성스러운#책임감있는#까다로운#보람찬#스릴있는
육아,실내#개인#아기자기한#도전적인#힘든#하얗게불태우는#책임감있는
퍼즐게임,실내#개인#머리쓰는#집중하는#정적인
퍼즐맞추기,실내#개인#머리쓰는#집중하는#정적인
수수께끼,실내#그룹#머리쓰는#사교적인#유쾌한
오목,실내#그룹#머리쓰는#사교적인#킬링타임의#집중하는
체스,실내#그룹#머리쓰는#사교적인#전통적인#집중하는
장기,실내#그룹#머리쓰는#사교적인#전통적인#집중하는
바둑,실내#그룹#머리쓰는#사교적인#전통적인#집중하는#교양적인#고상한
방탈출,실내#그룹#머리쓰는#사교적인#스릴있는#집중하는#협력하는
추리게임,실내#개인#머리쓰는#집중하는#정적인
보드게임,실내#그룹#머리쓰는#경쟁하는#협력하는#왁자지껄한#사교적인
웹툰보기,실내#개인#킬링타임의#집중하는#정적인
만화책읽기,실내#개인#킬링타임의#집중하는#정적인
만화방,실내#개인#그룹#킬링타임의#집중하는#정적인
노래방,실내#개인#그룹#킬링타임의#집중하는#정적인
멀티방,실내#그룹#킬링타임의#집중하는#정적인
DVD방,실내#그룹#킬링타임의#집중하는#정적인
피시방,실내#개인#그룹#킬링타임의#왁자지껄한#가성비있는
오락실,실내#개인#그룹#킬링타임의#왁자지껄한#가성비있는
VR 게임,실내#개인#그룹#킬링타임의#왁자지껄한#가성비있는
DDR,실내#개인#그룹#킬링타임의#왁자지껄한#가성비있는#집중하는
닌텐도 스위치,실내#개인#그룹#킬링타임의#트렌디한#현대적인
닌텐도 위,실내#개인#그룹#킬링타임의#트렌디한#현대적인
닌텐도 3ds,실내#개인#그룹#킬링타임의#트렌디한#현대적인
닌텐도 2ds,실내#개인#그룹#킬링타임의#트렌디한#현대적인
플레이스테이션,실내#개인#그룹#킬링타임의#트렌디한#현대적인
RPG게임,실내#개인#킬링타임의#통쾌한#집중하는#사교적인
타자 연습,실내#개인#킬링타임의#집중하는#스릴있는
코딩,실내#개인#그룹#창의적인#머리쓰는
c언어 배우기,실내#개인#창의적인#머리쓰는#트렌디한
c++ 배우기,실내#개인#창의적인#머리쓰는#트렌디한
파이썬 배우기,실내#개인#창의적인#머리쓰는#트렌디한
자바 배우기,실내#개인#창의적인#머리쓰는#트렌디한
코틀린 배우기,실내#개인#창의적인#머리쓰는#트렌디한
유니티 배우기,실내#개인#창의적인#머리쓰는#트렌디한
언리얼 배우기,실내#개인#창의적인#머리쓰는#트렌디한
해킹 배우기,실내#개인#창의적인#머리쓰는#트렌디한
머신러닝 배우기,실내#개인#창의적인#머리쓰는#트렌디한
소프트웨어 개발,실내#개인#그룹#창의적인#머리쓰는#협력하는
안드로이드 개발,실내#개인#그룹#창의적인#머리쓰는#협력하는
ios 개발,실내#개인#그룹#창의적인#머리쓰는#협력하는
가야금,#실내#개인#힐링#음악#정적인#교양적인#전통적인#스트레스풀리는
해금,#실내#개인#힐링#음악#정적인#교양적인#전통적인#색다른#스트레스풀리는
태평소,#실내#개인#힐링#음악#정적인#교양적인#전통적인#색다른#스트레스풀리는
징,#실내#개인#힐링#음악#정적인#교양적인#전통적인#색다른#스트레스풀리는
단소,#실내#개인#힐링#음악#정적인#교양적인#전통적인#스트레스풀리는
첼로,#실내#개인#힐링#음악#정적인#교양적인#고전적인#섬세한#스트레스풀리는
비올라,#실내#개인#힐링#음악#정적인#교양적인#고전적인#섬세한#스트레스풀리는
콘트라 베이스,#실내#개인#힐링#음악#정적인#교양적인#고전적인#섬세한#스트레스풀리는
하모니카,#실내#개인#힐링#음악#정적인#교양적인#유쾌한#스트레스풀리는
플루트,#실내#개인#힐링#음악#정적인#교양적인#고전적인#섬세한#스트레스풀리는
바이올린,#실내#개인#힐링#음악#정적인#교양적인#고전적인#섬세한#스트레스풀리는
피아노,#실내#개인#힐링#음악#정적인#교양적인#고전적인#섬세한#스트레스풀리는
아코디언,#실내#개인#힐링#음악#정적인#가성비있는#스트레스풀리는
전자피아노,#실내#개인#힐링#음악#정적인#교양적인#섬세한#스트레스풀리는
오르간,#실내#개인#힐링#음악#정적인#교양적인#고전적인#섬세한#스트레스풀리는
베이스,#실내#개인#힐링#음악#정적인#교양적인#섬세한#유쾌한#스트레스풀리는
드럼,#실내#개인#힐링#음악#정적인#교양적인#유쾌한#통쾌한#스트레스풀리는
클라리넷,#실내#개인#힐링#음악#정적인#교양적인#고전적인#섬세한#스트레스풀리는
통기타 치기,#실내#개인#힐링#음악#정적인#교양적인#섬세한#유쾌한#스트레스풀리는
일렉기타 치키,#실내#개인#힐링#음악#정적인#교양적인#섬세한#유쾌한#스트레스풀리는
클래식 기타 치키,#실내#개인#힐링#음악#정적인#교양적인#섬세한#유쾌한#스트레스풀리는
하프,#실내#개인#힐링#음악#정적인#교양적인#고전적인#섬세한#색다른#스트레스풀리는
우쿨렐레 치기,#실내#개인#힐링#음악#정적인#교양적인#섬세한#유쾌한#스트레스풀리는
리코더 불기,#실내#개인#힐링#음악#정적인#가성비있는#스트레스풀리는
오카리나 불기,#실내#개인#힐링#음악#정적인#가성비있는#스트레스풀리는
트럼펫,#실내#개인#힐링#음악#정적인#교양적인#섬세한#유쾌한#스트레스풀리는
색소폰,#실내#개인#힐링#음악#정적인#교양적인#섬세한#유쾌한#스트레스풀리는
칼림바,#실내#개인#힐링#음악#정적인#교양적인#섬세한#유쾌한#스트레스풀리는
발레,#실내#개인#힐링#댄스#자기관리#활동적인#교양적인#고전적인#감성적인#값비싼#가꾸는#고상한
힙합댄스,#실내#개인#힐링#댄스#활동적인#에너지넘치는#스트레스풀리는#왁자지껄한#유쾌한#트렌디한
아이돌댄스,#실내#개인#힐링#댄스#활동적인#에너지넘치는#스트레스풀리는#왁자지껄한#유쾌한
재즈댄스,#실내#개인#힐링#댄스#활동적인#교양적인#감성적인#유쾌한
에어로빅,#실내#개인#힐링#댄스#운동#자기관리#활동적인#에너지넘치는#하얗게불태우는#가꾸는#건강한#유쾌한
줌바댄스,#실내#개인#힐링#댄스#운동#자기관리#활동적인#에너지넘치는#하얗게불태우는#가꾸는#건강한#유쾌한
폴댄스,#실내#개인#힐링#댄스#운동#자기관리#활동적인#에너지넘치는#하얗게불태우는#가꾸는#건강한#유쾌한
발리댄스,#실내#개인#힐링#댄스#운동#자기관리#활동적인#에너지넘치는#하얗게불태우는#가꾸는#건강한#유쾌한
팝핀,#실내#개인#힐링#댄스#활동적인#에너지넘치는#스트레스풀리는#왁자지껄한#유쾌한#트렌디한
댄스,#실내#개인#힐링#댄스#활동적인#에너지넘치는#스트레스풀리는#왁자지껄한#유쾌한
왈츠 추기,#실내#개인#힐링#댄스#활동적인#교양적인#감성적인#유쾌한
랩 배우기,실내#개인#음악#도전적인#창의적인#트렌디한#에너지넘치는#왁자지껄한#통쾌한#경쟁하는
노래 배우기,실내#개인#음악#도전적인#유쾌한#활동적인
버스킹 하기,야외#개인#그룹#도전적인#활동적인#사교적인#감성적인#보람찬#에너지넘치는
난타,야외#그룹#활동적인#창의적인#에너지넘치는#햐얗게불태우는#스트레스풀리는#왁자지껄한#통쾌한#유쾌한
판소리,실내#그룹#음악#도전적인#전통적인#에너지넘치는#하얗게불태우는#왁자지껄한#색다른
사물놀이 공연,실내#야외#그룹#음악#도전적인#활동적인#전통적인#에너지넘치는#하얗게불태우는#왁자지껄한#색다른#통쾌한
사물놀이 보기,실내#개인#음악#전통적인#에너지넘치는#왁자지껄한#유쾌한
탈춤 보기,실내#야외#그룹#음악#도전적인#전통적인#에너지넘치는#하얗게불태우는#왁자지껄한#색다른#통쾌한
탈춤 공연,실내#개인#음악#전통적인#에너지넘치는#왁자지껄한#유쾌한
왈츠 공연 보기,#실내#개인#힐링#댄스#감상#교양적인#감성적인#유쾌한#여유로운
재즈 음악 감상,#실내#개인#힐링#음악#감상#교양적인#감성적인#유쾌한#여유로운
힙합 음악 감상,#실내#개인#힐링#음악#감상#에너지넘치는#왁자지껄한#통쾌한#트렌디한
클래식 음악 감상,#실내#개인#힐링#음악#감상#정적인#교양적인#감성적인#여유로운
아이돌 음악 감상,#실내#개인#힐링#음악#댄스#감상#유쾌한#에너지넘치는#스트레스풀리는#기분전환하는
대중가요 감상,#실내#개인#힐링#음악#감상#스트레스풀리는#기분전환하는
발라드 감상,#실내#개인#힐링#음악#감상#스트레스풀리는#기분전환하는
트로트 음악 감상,#실내#개인#힐링#음악#감상#스트레스풀리는#기분전환하는#유쾌한
버스킹 감상,#야외#개인#음악#힐링#감성적인#여유로운#스트레스풀리는
십자수,실내#개인#집중하는#마음을비우는#가성비있는#고상한#교양적인
프랑스 자수,실내#개인#집중하는#마음을비우는#가성비있는#고상한#교양적인
보석십자수,실내#개인#집중하는#마음을비우는#가성비있는#고상한#교양적인
사진앨범,실내#개인#가성비있는#감성적인#보람찬
인테리어 하기,실내#개인#감성적인#보람찬#소비적인
꽃꽂이,실내#개인#집중하는#마음을비우는#가성비있는#고상한#교양적인
드라이플라워,실내#개인#집중하는#마음을비우는#가성비있는#고상한#교양적인
디오라마,실내#개인#섬세한#창의적인#자유로운#정적인
미니어처,실내#개인#섬세한#창의적인#자유로운#정적인
스킬자수,실내#개인#집중하는#마음을비우는#가성비있는#고상한#교양적인
편지쓰기,실내#개인#정성스러운#감성적인#전통적인#일상적인
가죽공예,실내#개인#그룹#정성스러운#장인정신의#창의적인#생산적인#보람찬#섬세한#트렌디한
목공예,실내#개인#그룹#정성스러운#장인정신의#창의적인#생산적인#보람찬#섬세한#도전적인
비즈공예,실내#개인#그룹#정성스러운#장인정신의#창의적인#생산적인#보람찬#섬세한#트렌디한#아기자기한
금속공예,실내#개인#그룹#정성스러운#장인정신의#창의적인#생산적인#보람찬#섬세한#아기자기한
레진공예,실내#개인#그룹#정성스러운#장인정신의#창의적인#생산적인#보람찬#섬세한#집중하는
은공예,실내#개인#그룹#정성스러운#장인정신의#창의적인#생산적인#보람찬#섬세한#아기자기한
왁스공예,실내#개인#그룹#정성스러운#장인정신의#창의적인#생산적인#보람찬#섬세한
라탄공예,실내#개인#그룹#정성스러운#장인정신의#창의적인#생산적인#보람찬#섬세한
석고공예,실내#개인#그룹#정성스러운#장인정신의#창의적인#생산적인#보람찬#섬세한
비누공예,실내#개인#그룹#정성스러운#장인정신의#창의적인#생산적인#보람찬#섬세한#건강한
한지공예,실내#개인#그룹#정성스러운#장인정신의#창의적인#생산적인#보람찬#섬세한#전통적인
매듭공예,실내#개인#그룹#정성스러운#장인정신의#창의적인#생산적인#보람찬#섬세한
초콜릿공예,실내#개인#그룹#정성스러운#장인정신의#창의적인#생산적인#보람찬#섬세한#가정적인
자개공예,실내#개인#그룹#정성스러운#장인정신의#창의적인#생산적인#보람찬#섬세한
도공,실내#개인#그룹#정성스러운#장인정신의#창의적인#생산적인#보람찬#섬세한#분위기있는
뜨개질,실내#개인#섬세한#집중하는#마음을비우는#가성비있는
3D펜,실내#개인#트렌디한#현대적인#도전적인#색다른
클레이 만들기,실내#개인#그룹#정성스러운#집중하는#정적인
화장품 제작,실내#개인#그룹#사교적인#건강한#자연친화적인
향수제조,실내#개인#그룹#창의적인#생산적인#고상한#감성적인
양초만들기,실내#개인#그룹#창의적인#생산적인#고상한#감성적인
와인만들기,실내#개인#그룹#창의적인#생산적인#고상한#감성적인#전통적인
로봇만들기,실내#개인#그룹#창의적인#집중하는#도전적인#현대적인
핸드폰케이스만들기,실내#개인#그룹#창의적인#아기자기한#사교적인
믹싱,실내#개인#집중하는#보람찬#장인정신의#정적인
인형옷만들기,실내#개인#아기자기한#섬세한#집중하는
놀이동산,야외#개인#그룹#힐링#활동적인#스릴있는#에너지넘치는#스트레스풀리는#기분전환하는#유쾌한#왁자지껄한
식물원,야외#개인#그룹#힐링#활동적인#자연친화적인#기분전환하는#여유로운#스트레스풀리는#조용한
동물원,야외#개인#그룹#힐링#활동적인#자연친화적인#기분전환하는#여유로운#에너지넘치는#왁자지껄한#유쾌한
테마파크,야외#개인#그룹#힐링#활동적인#에너지넘치는#스트레스풀리는#기분전환하는#유쾌한#왁자지껄한
양떼목장,야외#개인#그룹#힐링#활동적인#자연친화적인#기분전환하는
말목장,야외#개인#그룹#힐링#활동적인#자연친화적인#기분전환하는
아쿠아리움,야외#개인#그룹#힐링#활동적인#자연친화적인#기분전환하는#여유로운#스트레스풀리는
아이스링크,야외#개인#그룹#힐링#활동적인#스릴있는#에너지넘치는#스트레스풀리는#기분전환하는#유쾌한#왁자지껄한
스키장,야외#개인#그룹#힐링#활동적인#스릴있는#에너지넘치는#스트레스풀리는#기분전환하는#유쾌한#왁자지껄한
롤러장,야외#개인#그룹#힐링#활동적인#스릴있는#에너지넘치는#스트레스풀리는#기분전환하는#유쾌한#왁자지껄한
박물관,야외#개인#그룹#힐링#활동적인#교양적인#조용한
미술관방문,야외#개인#그룹#힐링#활동적인#교양적인#조용한
유적지답사,야외#개인#그룹#힐링#활동적인#교양적인#탐구적인
차 전시회,야외#개인#그룹#힐링#활동적인#교양적인#조용한
영화관,야외#실내#개인#힐링#영상#정적인#여유로운#집중하는
연극보기,실내#개인#그룹#힐링#정적인#여유로운#집중하는#유쾌한#기분전환하는
발라드 콘서트,실내#개인#그룹#힐링#정적인#여유로운#감성적인#기분전환하는
클럽 공연,실내#개인#그룹#힐링#활동적인#에너지넘치는#하얗게불태우는#기분전환하는
코미디 공연,실내#개인#그룹#힐링#유쾌한#통쾌한#스트레스풀리는#기분전환하는
뮤지컬감상,실내#개인#그룹#힐링#정적인#여유로운#감성적인#기분전환하는
아이돌 콘서트,실내#개인#그룹#힐링#활동적인#하얗게불태우는#기분전환하는#스트레스풀리는
트로트 콘서트,실내#개인#그룹#힐링#활동적인#유쾌한#하얗게불태우는#기분전환하는#스트레스풀리는
서울패션위크,야외#개인#그룹#도전적인#활동적인#창의적인#에너지넘치는#왁자지껄한#트렌디한
팬미팅,실내#개인#그룹#힐링#활동적인#하얗게불태우는#기분전환하는#스트레스풀리는
팬싸인회,실내#개인#그룹#힐링#활동적인#하얗게불태우는#기분전환하는#스트레스풀리는
영화 시사회,실내#개인#그룹#힐링#정적인#여유로운#집중하는#기분전환하는
클럽,실내#개인#그룹#활동적인#사교적인#에너지넘치는#스트레스풀리는#왁자지껄한
나이트,실내#개인#그룹#활동적인#사교적인#에너지넘치는#스트레스풀리는#왁자지껄한
스파,실내#개인#힐링#여유로운#스트레스풀리는#기분전환하는#조용한
찜질방,실내#개인#힐링#여유로운#스트레스풀리는#기분전환하는
온천,실내#개인#힐링#여유로운#스트레스풀리는#기분전환하는#조용한
바다 구경,야외#개인#그룹#활동적인#자연친화적인#여유로운#스트레스풀리는#기분전환하는
산 구경,야외#개인#그룹#활동적인#자연친화적인#여유로운#스트레스풀리는#기분전환하는
계곡 구경,야외#개인#그룹#활동적인#자연친화적인#여유로운#스트레스풀리는#기분전환하는
벚꽃 구경,야외#개인#그룹#활동적인#자연친화적인#여유로운#스트레스풀리는#기분전환하는#감성적인#색다른
핑크뮬리 구경,야외#개인#그룹#활동적인#자연친화적인#여유로운#스트레스풀리는#기분전환하는#감성적인#색다른
빙어 축제,야외#개인#그룹#활동적인#자연친화적인#집중하는#기분전환하는#색다른
송어 축제,야외#개인#그룹#활동적인#자연친화적인#집중하는#기분전환하는#색다른
청춘 페스티벌,야외#개인#그룹#활동적인#감성적인#여유로운#유쾌한#에너지넘치는#기분전환하는#색다른
단풍 축제,야외#개인#그룹#활동적인#자연친화적인#여유로운#스트레스풀리는#기분전환하는#감성적인#색다른
할로윈 축제,야외#개인#그룹#활동적인#스트레스풀리는#기분전환하는#색다른#사교적인#에너지넘치는#색다른
불꽃놀이 축제,야외#개인#그룹#여유로운#스트레스풀리는#기분전환하는#감성적인#색다른#분위기있는
갯벌 축제,야외#그룹#활동적인#자연친화적인#스트레스풀리는#기분전환하는#색다른
카페 탐방,실내#그룹#기분전환하는#사교적인#교양적인#활동적인
서점 구경,실내#개인#그룹#집중하는#조용한#교양적인#가성비있는
맛집탐방,실내#그룹#기분전환하는#사교적인#활동적인
디저트맛집탐방,실내#그룹#기분전환하는#사교적인#교양적인#활동적인
뷔페 가기,실내#그룹#기분전환하는#사교적인#왁자지껄한#교양적인
파티,실내#야외#그룹#활동적인#사교적인#유쾌한#분위기있는
글램핑,야외#그룹#럭셔리한#왁자지껄한#사교적인#감성적인#분위기있는
래프팅,야외#그룹#자연친화적인#도전적인#모험적인#스릴있는#에너지넘치는#스트레스풀리는#유쾌한
탐조,야외#개인#그룹#자연친화적인#모험적인#조용한
곤충채집,야외#개인#그룹#감성적인#가성비있는#탐구적인
마술,실내#야외#개인#그룹#신기한#손맛있는
손금,실내#개인#그룹#역학적인#신비한#사치스러운#킬링타임의
관상,실내#개인#그룹#역학적인#신비한#사치스러운#킬링타임의
사주,실내#개인#그룹#역학적인#신비한#사치스러운#킬링타임의
궁합,실내#개인#그룹#역학적인#신비한#사치스러운#킬링타임의
별자리,실내#개인#그룹#역학적인#신비한#사치스러운#킬링타임의
혈액형,실내#개인#그룹#역학적인#신비한#사치스러운#킬링타임의
타로카드,실내#개인#그룹#역학적인#신비한#사치스러운#킬링타임의
부동산 투자,실내#야외#개인#활동적인#도전적인#모험적인#머리쓰는
주식 투자,실내#개인#도전적인#모험적인#정적인#머리쓰는
국토순례,야외#개인#그룹#도전적인#마음을비우는#보람찬
차력,실내#야외#개인#그룹#도전적인#신기한
SNS,실내#개인#사교적인#감성적인#트렌디한#정적인
아이돌 덕질,실내#개인#정성스러운#사교적인#일상적인#힐링#스트레스풀리는